Graphium	adansoniae
Graphium	adustum
Graphium	ailanthi
Graphium	albonigrescens
Graphium	album
Graphium	altissimum
Graphium	ambrosiigerum
Graphium	angamosense
Graphium	aphthosae
Graphium	aquaticum
Graphium	atrovirens
Graphium	atrovirens
Graphium	aureum
Graphium	berkeleyi
Graphium	bolivarii
Graphium	brachiatum
Graphium	bulbicola
Graphium	caliciiforme
Graphium	calicioides
Graphium	carbonarium
Graphium	cavipes
Graphium	ceratostomoides
Graphium	cicadicola
Graphium	cinerellum
Graphium	clavaeforme
Graphium	coffeae
Graphium	comatrichoides
Graphium	coralloides
Graphium	curvulum
Graphium	cylindricum
Graphium	desmazieri
Graphium	dubautiae
Graphium	dulcamarae
Graphium	eumorphum
Graphium	euwallaceae
Graphium	explicatum
Graphium	fabiforme
Graphium	fasciculatum
Graphium	fifilensis
Graphium	filfilensis
Graphium	fimbriasporum
Graphium	fissum
Graphium	fissum subsp. clavulatum
Graphium	fissum subsp. fissum
Graphium	fissum var. dulcamarae
Graphium	fissum var. fissum
Graphium	flexuosum
Graphium	fragrans
Graphium	fructicola
Graphium	fuegianum
Graphium	giganteum
Graphium	glaucum
Graphium	glaucum subsp. glaucum
Graphium	glaucum subsp. umbellatarum
Graphium	gordoniae
Graphium	gracile
Graphium	guttuliferum
Graphium	hamamelidis
Graphium	hendersonulae
Graphium	irradians
Graphium	jumulu
Graphium	klebahnii
Graphium	kuroshio
Graphium	laricis
Graphium	leguminum
Graphium	longistipitatum
Graphium	madagascariense
Graphium	minutellum
Graphium	nodulosum
Graphium	paradoxum
Graphium	paspali
Graphium	penicillioides
Graphium	penicillioides var. penicillioides
Graphium	penicillioides var. ungeri
Graphium	polonicum
Graphium	pseudormiticum
Graphium	pycnocephalum
Graphium	radicatum
Graphium	ramosum
Graphium	rhizophilum
Graphium	rhodophaeum var. rhodophaeum
Graphium	rigidum
Graphium	roboris
Graphium	rubrum
Graphium	sacchari
Graphium	samogiticum
Graphium	scolytodis
Graphium	sect.
Graphium	silanum
Graphium	simplex
Graphium	socium
Graphium	socium
Graphium	sordidiceps
Graphium	squarrosum
Graphium	stercorarium
Graphium	subinconspicuum
Graphium	subtile
Graphium	subtile var. fructicola
Graphium	subtile var. subtile
Graphium	subulatum
Graphium	terricola
Graphium	trypophloei
Graphium	ungeri
Graphium	variabile
Graphium	verticillatum
Graphium	verticillioides
Graphium	volkartianum
Graphium	wuweiense
Graphium	xanthocephalum
